0,3,OFPMatch(oxm_fields={}),0,0,0
1,3,OFPMatch(oxm_fields={'ip_proto': 17; 'udp_dst': 6789; 'eth_type': 2048}),0,0,0
2,3,OFPMatch(oxm_fields={'ip_proto': 17; 'udp_src': 2152; 'udp_dst': 2152; 'eth_type': 2048}),0,0,0
0,3,OFPMatch(oxm_fields={}),17,1467,1
1,3,OFPMatch(oxm_fields={'ip_proto': 17; 'udp_dst': 6789; 'eth_type': 2048}),0,0,1
2,3,OFPMatch(oxm_fields={'ip_proto': 17; 'udp_src': 2152; 'udp_dst': 2152; 'eth_type': 2048}),0,0,1
0,3,OFPMatch(oxm_fields={}),51,6715,2
1,3,OFPMatch(oxm_fields={'ip_proto': 17; 'udp_dst': 6789; 'eth_type': 2048}),0,0,2
2,3,OFPMatch(oxm_fields={'ip_proto': 17; 'udp_src': 2152; 'udp_dst': 2152; 'eth_type': 2048}),0,0,2
0,3,OFPMatch(oxm_fields={}),57,7975,3
1,3,OFPMatch(oxm_fields={'ip_proto': 17; 'udp_dst': 6789; 'eth_type': 2048}),0,0,3
2,3,OFPMatch(oxm_fields={'ip_proto': 17; 'udp_src': 2152; 'udp_dst': 2152; 'eth_type': 2048}),0,0,3
0,3,OFPMatch(oxm_fields={}),59,8385,4
1,3,OFPMatch(oxm_fields={'ip_proto': 17; 'udp_dst': 6789; 'eth_type': 2048}),0,0,4
2,3,OFPMatch(oxm_fields={'ip_proto': 17; 'udp_src': 2152; 'udp_dst': 2152; 'eth_type': 2048}),0,0,4
0,3,OFPMatch(oxm_fields={}),70,9538,5
1,3,OFPMatch(oxm_fields={'ip_proto': 17; 'udp_dst': 6789; 'eth_type': 2048}),0,0,5
2,3,OFPMatch(oxm_fields={'ip_proto': 17; 'udp_src': 2152; 'udp_dst': 2152; 'eth_type': 2048}),0,0,5
0,3,OFPMatch(oxm_fields={}),75,10626,6
1,3,OFPMatch(oxm_fields={'ip_proto': 17; 'udp_dst': 6789; 'eth_type': 2048}),0,0,6
2,3,OFPMatch(oxm_fields={'ip_proto': 17; 'udp_src': 2152; 'udp_dst': 2152; 'eth_type': 2048}),0,0,6
0,3,OFPMatch(oxm_fields={}),75,10626,7
1,3,OFPMatch(oxm_fields={'ip_proto': 17; 'udp_dst': 6789; 'eth_type': 2048}),0,0,7
2,3,OFPMatch(oxm_fields={'ip_proto': 17; 'udp_src': 2152; 'udp_dst': 2152; 'eth_type': 2048}),0,0,7
0,3,OFPMatch(oxm_fields={}),76,10733,8
1,3,OFPMatch(oxm_fields={'ip_proto': 17; 'udp_dst': 6789; 'eth_type': 2048}),0,0,8
2,3,OFPMatch(oxm_fields={'ip_proto': 17; 'udp_src': 2152; 'udp_dst': 2152; 'eth_type': 2048}),0,0,8
0,3,OFPMatch(oxm_fields={}),85,11400,9
1,3,OFPMatch(oxm_fields={'ip_proto': 17; 'udp_dst': 6789; 'eth_type': 2048}),0,0,9
2,3,OFPMatch(oxm_fields={'ip_proto': 17; 'udp_src': 2152; 'udp_dst': 2152; 'eth_type': 2048}),0,0,9
0,3,OFPMatch(oxm_fields={}),87,11540,10
1,3,OFPMatch(oxm_fields={'ip_proto': 17; 'udp_dst': 6789; 'eth_type': 2048}),0,0,10
2,3,OFPMatch(oxm_fields={'ip_proto': 17; 'udp_src': 2152; 'udp_dst': 2152; 'eth_type': 2048}),0,0,10
0,3,OFPMatch(oxm_fields={}),89,12224,11
1,3,OFPMatch(oxm_fields={'ip_proto': 17; 'udp_dst': 6789; 'eth_type': 2048}),0,0,11
2,3,OFPMatch(oxm_fields={'ip_proto': 17; 'udp_src': 2152; 'udp_dst': 2152; 'eth_type': 2048}),0,0,11
0,3,OFPMatch(oxm_fields={}),89,12224,12
1,3,OFPMatch(oxm_fields={'ip_proto': 17; 'udp_dst': 6789; 'eth_type': 2048}),0,0,12
2,3,OFPMatch(oxm_fields={'ip_proto': 17; 'udp_src': 2152; 'udp_dst': 2152; 'eth_type': 2048}),0,0,12
0,3,OFPMatch(oxm_fields={}),89,12224,13
1,3,OFPMatch(oxm_fields={'ip_proto': 17; 'udp_dst': 6789; 'eth_type': 2048}),0,0,13
2,3,OFPMatch(oxm_fields={'ip_proto': 17; 'udp_src': 2152; 'udp_dst': 2152; 'eth_type': 2048}),0,0,13
0,3,OFPMatch(oxm_fields={}),89,12224,14
1,3,OFPMatch(oxm_fields={'ip_proto': 17; 'udp_dst': 6789; 'eth_type': 2048}),0,0,14
2,3,OFPMatch(oxm_fields={'ip_proto': 17; 'udp_src': 2152; 'udp_dst': 2152; 'eth_type': 2048}),0,0,14
0,3,OFPMatch(oxm_fields={}),89,12224,15
1,3,OFPMatch(oxm_fields={'ip_proto': 17; 'udp_dst': 6789; 'eth_type': 2048}),0,0,15
2,3,OFPMatch(oxm_fields={'ip_proto': 17; 'udp_src': 2152; 'udp_dst': 2152; 'eth_type': 2048}),0,0,15
0,3,OFPMatch(oxm_fields={}),91,12673,16
1,3,OFPMatch(oxm_fields={'ip_proto': 17; 'udp_dst': 6789; 'eth_type': 2048}),0,0,16
2,3,OFPMatch(oxm_fields={'ip_proto': 17; 'udp_src': 2152; 'udp_dst': 2152; 'eth_type': 2048}),0,0,16
0,3,OFPMatch(oxm_fields={}),92,12780,17
1,3,OFPMatch(oxm_fields={'ip_proto': 17; 'udp_dst': 6789; 'eth_type': 2048}),0,0,17
2,3,OFPMatch(oxm_fields={'ip_proto': 17; 'udp_src': 2152; 'udp_dst': 2152; 'eth_type': 2048}),0,0,17
0,3,OFPMatch(oxm_fields={}),92,12780,18
1,3,OFPMatch(oxm_fields={'ip_proto': 17; 'udp_dst': 6789; 'eth_type': 2048}),0,0,18
2,3,OFPMatch(oxm_fields={'ip_proto': 17; 'udp_src': 2152; 'udp_dst': 2152; 'eth_type': 2048}),0,0,18
0,3,OFPMatch(oxm_fields={}),92,12780,19
1,3,OFPMatch(oxm_fields={'ip_proto': 17; 'udp_dst': 6789; 'eth_type': 2048}),0,0,19
2,3,OFPMatch(oxm_fields={'ip_proto': 17; 'udp_src': 2152; 'udp_dst': 2152; 'eth_type': 2048}),0,0,19
0,3,OFPMatch(oxm_fields={}),92,12780,20
1,3,OFPMatch(oxm_fields={'ip_proto': 17; 'udp_dst': 6789; 'eth_type': 2048}),0,0,20
2,3,OFPMatch(oxm_fields={'ip_proto': 17; 'udp_src': 2152; 'udp_dst': 2152; 'eth_type': 2048}),0,0,20
0,3,OFPMatch(oxm_fields={}),92,12780,21
1,3,OFPMatch(oxm_fields={'ip_proto': 17; 'udp_dst': 6789; 'eth_type': 2048}),0,0,21
2,3,OFPMatch(oxm_fields={'ip_proto': 17; 'udp_src': 2152; 'udp_dst': 2152; 'eth_type': 2048}),0,0,21
0,3,OFPMatch(oxm_fields={}),92,12780,22
1,3,OFPMatch(oxm_fields={'ip_proto': 17; 'udp_dst': 6789; 'eth_type': 2048}),0,0,22
2,3,OFPMatch(oxm_fields={'ip_proto': 17; 'udp_src': 2152; 'udp_dst': 2152; 'eth_type': 2048}),0,0,22
0,3,OFPMatch(oxm_fields={}),92,12780,23
1,3,OFPMatch(oxm_fields={'ip_proto': 17; 'udp_dst': 6789; 'eth_type': 2048}),0,0,23
2,3,OFPMatch(oxm_fields={'ip_proto': 17; 'udp_src': 2152; 'udp_dst': 2152; 'eth_type': 2048}),0,0,23
0,3,OFPMatch(oxm_fields={}),93,13122,24
1,3,OFPMatch(oxm_fields={'ip_proto': 17; 'udp_dst': 6789; 'eth_type': 2048}),0,0,24
2,3,OFPMatch(oxm_fields={'ip_proto': 17; 'udp_src': 2152; 'udp_dst': 2152; 'eth_type': 2048}),0,0,24
0,3,OFPMatch(oxm_fields={}),94,13464,25
1,3,OFPMatch(oxm_fields={'ip_proto': 17; 'udp_dst': 6789; 'eth_type': 2048}),0,0,25
2,3,OFPMatch(oxm_fields={'ip_proto': 17; 'udp_src': 2152; 'udp_dst': 2152; 'eth_type': 2048}),0,0,25
0,3,OFPMatch(oxm_fields={}),94,13464,26
1,3,OFPMatch(oxm_fields={'ip_proto': 17; 'udp_dst': 6789; 'eth_type': 2048}),0,0,26
2,3,OFPMatch(oxm_fields={'ip_proto': 17; 'udp_src': 2152; 'udp_dst': 2152; 'eth_type': 2048}),0,0,26
0,3,OFPMatch(oxm_fields={}),94,13464,27
1,3,OFPMatch(oxm_fields={'ip_proto': 17; 'udp_dst': 6789; 'eth_type': 2048}),0,0,27
2,3,OFPMatch(oxm_fields={'ip_proto': 17; 'udp_src': 2152; 'udp_dst': 2152; 'eth_type': 2048}),0,0,27
0,3,OFPMatch(oxm_fields={}),94,13464,28
1,3,OFPMatch(oxm_fields={'ip_proto': 17; 'udp_dst': 6789; 'eth_type': 2048}),0,0,28
2,3,OFPMatch(oxm_fields={'ip_proto': 17; 'udp_src': 2152; 'udp_dst': 2152; 'eth_type': 2048}),0,0,28
0,3,OFPMatch(oxm_fields={}),94,13464,29
1,3,OFPMatch(oxm_fields={'ip_proto': 17; 'udp_dst': 6789; 'eth_type': 2048}),0,0,29
2,3,OFPMatch(oxm_fields={'ip_proto': 17; 'udp_src': 2152; 'udp_dst': 2152; 'eth_type': 2048}),0,0,29
0,3,OFPMatch(oxm_fields={}),94,13464,30
1,3,OFPMatch(oxm_fields={'ip_proto': 17; 'udp_dst': 6789; 'eth_type': 2048}),0,0,30
2,3,OFPMatch(oxm_fields={'ip_proto': 17; 'udp_src': 2152; 'udp_dst': 2152; 'eth_type': 2048}),0,0,30
0,3,OFPMatch(oxm_fields={}),94,13464,31
1,3,OFPMatch(oxm_fields={'ip_proto': 17; 'udp_dst': 6789; 'eth_type': 2048}),0,0,31
2,3,OFPMatch(oxm_fields={'ip_proto': 17; 'udp_src': 2152; 'udp_dst': 2152; 'eth_type': 2048}),0,0,31
0,3,OFPMatch(oxm_fields={}),95,13571,32
1,3,OFPMatch(oxm_fields={'ip_proto': 17; 'udp_dst': 6789; 'eth_type': 2048}),0,0,32
2,3,OFPMatch(oxm_fields={'ip_proto': 17; 'udp_src': 2152; 'udp_dst': 2152; 'eth_type': 2048}),0,0,32
0,3,OFPMatch(oxm_fields={}),96,13678,33
1,3,OFPMatch(oxm_fields={'ip_proto': 17; 'udp_dst': 6789; 'eth_type': 2048}),0,0,33
2,3,OFPMatch(oxm_fields={'ip_proto': 17; 'udp_src': 2152; 'udp_dst': 2152; 'eth_type': 2048}),0,0,33
0,3,OFPMatch(oxm_fields={}),96,13678,34
1,3,OFPMatch(oxm_fields={'ip_proto': 17; 'udp_dst': 6789; 'eth_type': 2048}),0,0,34
2,3,OFPMatch(oxm_fields={'ip_proto': 17; 'udp_src': 2152; 'udp_dst': 2152; 'eth_type': 2048}),0,0,34
0,3,OFPMatch(oxm_fields={}),96,13678,35
1,3,OFPMatch(oxm_fields={'ip_proto': 17; 'udp_dst': 6789; 'eth_type': 2048}),0,0,35
2,3,OFPMatch(oxm_fields={'ip_proto': 17; 'udp_src': 2152; 'udp_dst': 2152; 'eth_type': 2048}),0,0,35
0,3,OFPMatch(oxm_fields={}),96,13678,36
1,3,OFPMatch(oxm_fields={'ip_proto': 17; 'udp_dst': 6789; 'eth_type': 2048}),0,0,36
2,3,OFPMatch(oxm_fields={'ip_proto': 17; 'udp_src': 2152; 'udp_dst': 2152; 'eth_type': 2048}),0,0,36
0,3,OFPMatch(oxm_fields={}),96,13678,37
1,3,OFPMatch(oxm_fields={'ip_proto': 17; 'udp_dst': 6789; 'eth_type': 2048}),0,0,37
2,3,OFPMatch(oxm_fields={'ip_proto': 17; 'udp_src': 2152; 'udp_dst': 2152; 'eth_type': 2048}),0,0,37
0,3,OFPMatch(oxm_fields={}),96,13678,38
1,3,OFPMatch(oxm_fields={'ip_proto': 17; 'udp_dst': 6789; 'eth_type': 2048}),0,0,38
2,3,OFPMatch(oxm_fields={'ip_proto': 17; 'udp_src': 2152; 'udp_dst': 2152; 'eth_type': 2048}),0,0,38
0,3,OFPMatch(oxm_fields={}),96,13678,39
1,3,OFPMatch(oxm_fields={'ip_proto': 17; 'udp_dst': 6789; 'eth_type': 2048}),0,0,39
2,3,OFPMatch(oxm_fields={'ip_proto': 17; 'udp_src': 2152; 'udp_dst': 2152; 'eth_type': 2048}),0,0,39
0,3,OFPMatch(oxm_fields={}),96,13678,40
1,3,OFPMatch(oxm_fields={'ip_proto': 17; 'udp_dst': 6789; 'eth_type': 2048}),0,0,40
2,3,OFPMatch(oxm_fields={'ip_proto': 17; 'udp_src': 2152; 'udp_dst': 2152; 'eth_type': 2048}),0,0,40
0,3,OFPMatch(oxm_fields={}),96,13678,41
1,3,OFPMatch(oxm_fields={'ip_proto': 17; 'udp_dst': 6789; 'eth_type': 2048}),0,0,41
2,3,OFPMatch(oxm_fields={'ip_proto': 17; 'udp_src': 2152; 'udp_dst': 2152; 'eth_type': 2048}),0,0,41
0,3,OFPMatch(oxm_fields={}),97,14020,42
1,3,OFPMatch(oxm_fields={'ip_proto': 17; 'udp_dst': 6789; 'eth_type': 2048}),0,0,42
2,3,OFPMatch(oxm_fields={'ip_proto': 17; 'udp_src': 2152; 'udp_dst': 2152; 'eth_type': 2048}),0,0,42
0,3,OFPMatch(oxm_fields={}),97,14020,43
1,3,OFPMatch(oxm_fields={'ip_proto': 17; 'udp_dst': 6789; 'eth_type': 2048}),0,0,43
2,3,OFPMatch(oxm_fields={'ip_proto': 17; 'udp_src': 2152; 'udp_dst': 2152; 'eth_type': 2048}),0,0,43
0,3,OFPMatch(oxm_fields={}),97,14020,44
1,3,OFPMatch(oxm_fields={'ip_proto': 17; 'udp_dst': 6789; 'eth_type': 2048}),0,0,44
2,3,OFPMatch(oxm_fields={'ip_proto': 17; 'udp_src': 2152; 'udp_dst': 2152; 'eth_type': 2048}),0,0,44
0,3,OFPMatch(oxm_fields={}),98,14362,45
1,3,OFPMatch(oxm_fields={'ip_proto': 17; 'udp_dst': 6789; 'eth_type': 2048}),0,0,45
2,3,OFPMatch(oxm_fields={'ip_proto': 17; 'udp_src': 2152; 'udp_dst': 2152; 'eth_type': 2048}),0,0,45
0,3,OFPMatch(oxm_fields={}),98,14362,46
1,3,OFPMatch(oxm_fields={'ip_proto': 17; 'udp_dst': 6789; 'eth_type': 2048}),0,0,46
2,3,OFPMatch(oxm_fields={'ip_proto': 17; 'udp_src': 2152; 'udp_dst': 2152; 'eth_type': 2048}),0,0,46
0,3,OFPMatch(oxm_fields={}),98,14362,47
1,3,OFPMatch(oxm_fields={'ip_proto': 17; 'udp_dst': 6789; 'eth_type': 2048}),0,0,47
2,3,OFPMatch(oxm_fields={'ip_proto': 17; 'udp_src': 2152; 'udp_dst': 2152; 'eth_type': 2048}),0,0,47
0,3,OFPMatch(oxm_fields={}),98,14362,48
1,3,OFPMatch(oxm_fields={'ip_proto': 17; 'udp_dst': 6789; 'eth_type': 2048}),0,0,48
2,3,OFPMatch(oxm_fields={'ip_proto': 17; 'udp_src': 2152; 'udp_dst': 2152; 'eth_type': 2048}),0,0,48
0,3,OFPMatch(oxm_fields={}),99,14472,49
1,3,OFPMatch(oxm_fields={'ip_proto': 17; 'udp_dst': 6789; 'eth_type': 2048}),0,0,49
2,3,OFPMatch(oxm_fields={'ip_proto': 17; 'udp_src': 2152; 'udp_dst': 2152; 'eth_type': 2048}),0,0,49
0,3,OFPMatch(oxm_fields={}),106,15642,50
1,3,OFPMatch(oxm_fields={'ip_proto': 17; 'udp_dst': 6789; 'eth_type': 2048}),0,0,50
2,3,OFPMatch(oxm_fields={'ip_proto': 17; 'udp_src': 2152; 'udp_dst': 2152; 'eth_type': 2048}),0,0,50
0,3,OFPMatch(oxm_fields={}),125,18924,51
1,3,OFPMatch(oxm_fields={'ip_proto': 17; 'udp_dst': 6789; 'eth_type': 2048}),0,0,51
2,3,OFPMatch(oxm_fields={'ip_proto': 17; 'udp_src': 2152; 'udp_dst': 2152; 'eth_type': 2048}),0,0,51
0,3,OFPMatch(oxm_fields={}),135,21189,52
1,3,OFPMatch(oxm_fields={'ip_proto': 17; 'udp_dst': 6789; 'eth_type': 2048}),0,0,52
2,3,OFPMatch(oxm_fields={'ip_proto': 17; 'udp_src': 2152; 'udp_dst': 2152; 'eth_type': 2048}),0,0,52
0,3,OFPMatch(oxm_fields={}),136,21492,53
1,3,OFPMatch(oxm_fields={'ip_proto': 17; 'udp_dst': 6789; 'eth_type': 2048}),0,0,53
2,3,OFPMatch(oxm_fields={'ip_proto': 17; 'udp_src': 2152; 'udp_dst': 2152; 'eth_type': 2048}),0,0,53
0,3,OFPMatch(oxm_fields={}),140,22192,54
1,3,OFPMatch(oxm_fields={'ip_proto': 17; 'udp_dst': 6789; 'eth_type': 2048}),0,0,54
2,3,OFPMatch(oxm_fields={'ip_proto': 17; 'udp_src': 2152; 'udp_dst': 2152; 'eth_type': 2048}),0,0,54
0,3,OFPMatch(oxm_fields={}),144,22938,55
1,3,OFPMatch(oxm_fields={'ip_proto': 17; 'udp_dst': 6789; 'eth_type': 2048}),0,0,55
2,3,OFPMatch(oxm_fields={'ip_proto': 17; 'udp_src': 2152; 'udp_dst': 2152; 'eth_type': 2048}),0,0,55
0,3,OFPMatch(oxm_fields={}),144,22938,56
1,3,OFPMatch(oxm_fields={'ip_proto': 17; 'udp_dst': 6789; 'eth_type': 2048}),0,0,56
2,3,OFPMatch(oxm_fields={'ip_proto': 17; 'udp_src': 2152; 'udp_dst': 2152; 'eth_type': 2048}),0,0,56
0,3,OFPMatch(oxm_fields={}),144,22938,57
1,3,OFPMatch(oxm_fields={'ip_proto': 17; 'udp_dst': 6789; 'eth_type': 2048}),0,0,57
2,3,OFPMatch(oxm_fields={'ip_proto': 17; 'udp_src': 2152; 'udp_dst': 2152; 'eth_type': 2048}),0,0,57
0,3,OFPMatch(oxm_fields={}),146,23387,58
1,3,OFPMatch(oxm_fields={'ip_proto': 17; 'udp_dst': 6789; 'eth_type': 2048}),0,0,58
2,3,OFPMatch(oxm_fields={'ip_proto': 17; 'udp_src': 2152; 'udp_dst': 2152; 'eth_type': 2048}),0,0,58
3,3,OFPMatch(oxm_fields={'eth_dst': '00:00:00:00:00:01'; 'in_port': 2}),2,116,59
4,3,OFPMatch(oxm_fields={'eth_dst': '00:00:00:00:00:03'; 'in_port': 3}),45,2954,59
5,3,OFPMatch(oxm_fields={'eth_dst': '00:00:00:00:00:03'; 'in_port': 1}),2,140,59
6,3,OFPMatch(oxm_fields={'eth_dst': '00:00:00:00:00:04'; 'in_port': 2}),46,124700,59
0,3,OFPMatch(oxm_fields={}),156,23992,59
1,3,OFPMatch(oxm_fields={'ip_proto': 17; 'udp_dst': 6789; 'eth_type': 2048}),0,0,59
2,3,OFPMatch(oxm_fields={'ip_proto': 17; 'udp_src': 2152; 'udp_dst': 2152; 'eth_type': 2048}),0,0,59
3,3,OFPMatch(oxm_fields={'eth_dst': '00:00:00:00:00:01'; 'in_port': 2}),40,9784,60
4,3,OFPMatch(oxm_fields={'eth_dst': '00:00:00:00:00:03'; 'in_port': 3}),456,30080,60
5,3,OFPMatch(oxm_fields={'eth_dst': '00:00:00:00:00:03'; 'in_port': 1}),48,5192,60
6,3,OFPMatch(oxm_fields={'eth_dst': '00:00:00:00:00:04'; 'in_port': 2}),456,1339120,60
0,3,OFPMatch(oxm_fields={}),156,23992,60
1,3,OFPMatch(oxm_fields={'ip_proto': 17; 'udp_dst': 6789; 'eth_type': 2048}),0,0,60
2,3,OFPMatch(oxm_fields={'ip_proto': 17; 'udp_src': 2152; 'udp_dst': 2152; 'eth_type': 2048}),0,0,60
3,3,OFPMatch(oxm_fields={'eth_dst': '00:00:00:00:00:01'; 'in_port': 2}),65,15914,61
4,3,OFPMatch(oxm_fields={'eth_dst': '00:00:00:00:00:03'; 'in_port': 3}),867,57206,61
5,3,OFPMatch(oxm_fields={'eth_dst': '00:00:00:00:00:03'; 'in_port': 1}),75,8234,61
6,3,OFPMatch(oxm_fields={'eth_dst': '00:00:00:00:00:04'; 'in_port': 2}),868,2559464,61
0,3,OFPMatch(oxm_fields={}),157,24334,61
1,3,OFPMatch(oxm_fields={'ip_proto': 17; 'udp_dst': 6789; 'eth_type': 2048}),0,0,61
2,3,OFPMatch(oxm_fields={'ip_proto': 17; 'udp_src': 2152; 'udp_dst': 2152; 'eth_type': 2048}),0,0,61
3,3,OFPMatch(oxm_fields={'eth_dst': '00:00:00:00:00:01'; 'in_port': 2}),90,22044,62
4,3,OFPMatch(oxm_fields={'eth_dst': '00:00:00:00:00:03'; 'in_port': 3}),1279,84398,62
5,3,OFPMatch(oxm_fields={'eth_dst': '00:00:00:00:00:03'; 'in_port': 1}),104,11408,62
6,3,OFPMatch(oxm_fields={'eth_dst': '00:00:00:00:00:04'; 'in_port': 2}),1279,3776846,62
0,3,OFPMatch(oxm_fields={}),157,24334,62
1,3,OFPMatch(oxm_fields={'ip_proto': 17; 'udp_dst': 6789; 'eth_type': 2048}),0,0,62
2,3,OFPMatch(oxm_fields={'ip_proto': 17; 'udp_src': 2152; 'udp_dst': 2152; 'eth_type': 2048}),0,0,62
3,3,OFPMatch(oxm_fields={'eth_dst': '00:00:00:00:00:01'; 'in_port': 2}),115,28174,63
4,3,OFPMatch(oxm_fields={'eth_dst': '00:00:00:00:00:03'; 'in_port': 3}),1689,111458,63
5,3,OFPMatch(oxm_fields={'eth_dst': '00:00:00:00:00:03'; 'in_port': 1}),132,14516,63
6,3,OFPMatch(oxm_fields={'eth_dst': '00:00:00:00:00:04'; 'in_port': 2}),1690,4994228,63
0,3,OFPMatch(oxm_fields={}),157,24334,63
1,3,OFPMatch(oxm_fields={'ip_proto': 17; 'udp_dst': 6789; 'eth_type': 2048}),0,0,63
2,3,OFPMatch(oxm_fields={'ip_proto': 17; 'udp_src': 2152; 'udp_dst': 2152; 'eth_type': 2048}),0,0,63
3,3,OFPMatch(oxm_fields={'eth_dst': '00:00:00:00:00:01'; 'in_port': 2}),140,34304,64
4,3,OFPMatch(oxm_fields={'eth_dst': '00:00:00:00:00:03'; 'in_port': 3}),2103,138758,64
5,3,OFPMatch(oxm_fields={'eth_dst': '00:00:00:00:00:03'; 'in_port': 1}),160,17624,64
6,3,OFPMatch(oxm_fields={'eth_dst': '00:00:00:00:00:04'; 'in_port': 2}),2103,6214614,64
0,3,OFPMatch(oxm_fields={}),157,24334,64
1,3,OFPMatch(oxm_fields={'ip_proto': 17; 'udp_dst': 6789; 'eth_type': 2048}),0,0,64
2,3,OFPMatch(oxm_fields={'ip_proto': 17; 'udp_src': 2152; 'udp_dst': 2152; 'eth_type': 2048}),0,0,64
3,3,OFPMatch(oxm_fields={'eth_dst': '00:00:00:00:00:01'; 'in_port': 2}),165,40434,65
4,3,OFPMatch(oxm_fields={'eth_dst': '00:00:00:00:00:03'; 'in_port': 3}),2514,165884,65
5,3,OFPMatch(oxm_fields={'eth_dst': '00:00:00:00:00:03'; 'in_port': 1}),186,20600,65
6,3,OFPMatch(oxm_fields={'eth_dst': '00:00:00:00:00:04'; 'in_port': 2}),2514,7431996,65
0,3,OFPMatch(oxm_fields={}),157,24334,65
1,3,OFPMatch(oxm_fields={'ip_proto': 17; 'udp_dst': 6789; 'eth_type': 2048}),0,0,65
2,3,OFPMatch(oxm_fields={'ip_proto': 17; 'udp_src': 2152; 'udp_dst': 2152; 'eth_type': 2048}),0,0,65
3,3,OFPMatch(oxm_fields={'eth_dst': '00:00:00:00:00:01'; 'in_port': 2}),187,45478,66
4,3,OFPMatch(oxm_fields={'eth_dst': '00:00:00:00:00:03'; 'in_port': 3}),2926,193076,66
5,3,OFPMatch(oxm_fields={'eth_dst': '00:00:00:00:00:03'; 'in_port': 1}),210,23436,66
6,3,OFPMatch(oxm_fields={'eth_dst': '00:00:00:00:00:04'; 'in_port': 2}),2926,8652340,66
0,3,OFPMatch(oxm_fields={}),158,24441,66
1,3,OFPMatch(oxm_fields={'ip_proto': 17; 'udp_dst': 6789; 'eth_type': 2048}),0,0,66
2,3,OFPMatch(oxm_fields={'ip_proto': 17; 'udp_src': 2152; 'udp_dst': 2152; 'eth_type': 2048}),0,0,66
3,3,OFPMatch(oxm_fields={'eth_dst': '00:00:00:00:00:01'; 'in_port': 2}),215,52694,67
4,3,OFPMatch(oxm_fields={'eth_dst': '00:00:00:00:00:03'; 'in_port': 3}),3337,220202,67
5,3,OFPMatch(oxm_fields={'eth_dst': '00:00:00:00:00:03'; 'in_port': 1}),242,26808,67
6,3,OFPMatch(oxm_fields={'eth_dst': '00:00:00:00:00:04'; 'in_port': 2}),3337,9869722,67
0,3,OFPMatch(oxm_fields={}),159,24548,67
1,3,OFPMatch(oxm_fields={'ip_proto': 17; 'udp_dst': 6789; 'eth_type': 2048}),0,0,67
2,3,OFPMatch(oxm_fields={'ip_proto': 17; 'udp_src': 2152; 'udp_dst': 2152; 'eth_type': 2048}),0,0,67
3,3,OFPMatch(oxm_fields={'eth_dst': '00:00:00:00:00:01'; 'in_port': 2}),240,58824,68
4,3,OFPMatch(oxm_fields={'eth_dst': '00:00:00:00:00:03'; 'in_port': 3}),3749,247394,68
5,3,OFPMatch(oxm_fields={'eth_dst': '00:00:00:00:00:03'; 'in_port': 1}),269,29850,68
6,3,OFPMatch(oxm_fields={'eth_dst': '00:00:00:00:00:04'; 'in_port': 2}),3749,11090066,68
0,3,OFPMatch(oxm_fields={}),159,24548,68
1,3,OFPMatch(oxm_fields={'ip_proto': 17; 'udp_dst': 6789; 'eth_type': 2048}),0,0,68
2,3,OFPMatch(oxm_fields={'ip_proto': 17; 'udp_src': 2152; 'udp_dst': 2152; 'eth_type': 2048}),0,0,68
3,3,OFPMatch(oxm_fields={'eth_dst': '00:00:00:00:00:01'; 'in_port': 2}),265,64954,69
4,3,OFPMatch(oxm_fields={'eth_dst': '00:00:00:00:00:03'; 'in_port': 3}),4160,274520,69
5,3,OFPMatch(oxm_fields={'eth_dst': '00:00:00:00:00:03'; 'in_port': 1}),298,33024,69
6,3,OFPMatch(oxm_fields={'eth_dst': '00:00:00:00:00:04'; 'in_port': 2}),4161,12310410,69
0,3,OFPMatch(oxm_fields={}),159,24548,69
1,3,OFPMatch(oxm_fields={'ip_proto': 17; 'udp_dst': 6789; 'eth_type': 2048}),0,0,69
2,3,OFPMatch(oxm_fields={'ip_proto': 17; 'udp_src': 2152; 'udp_dst': 2152; 'eth_type': 2048}),0,0,69
3,3,OFPMatch(oxm_fields={'eth_dst': '00:00:00:00:00:01'; 'in_port': 2}),287,69998,70
4,3,OFPMatch(oxm_fields={'eth_dst': '00:00:00:00:00:03'; 'in_port': 3}),4572,301712,70
5,3,OFPMatch(oxm_fields={'eth_dst': '00:00:00:00:00:03'; 'in_port': 1}),323,35934,70
6,3,OFPMatch(oxm_fields={'eth_dst': '00:00:00:00:00:04'; 'in_port': 2}),4572,13527792,70
0,3,OFPMatch(oxm_fields={}),159,24548,70
1,3,OFPMatch(oxm_fields={'ip_proto': 17; 'udp_dst': 6789; 'eth_type': 2048}),0,0,70
2,3,OFPMatch(oxm_fields={'ip_proto': 17; 'udp_src': 2152; 'udp_dst': 2152; 'eth_type': 2048}),0,0,70
3,3,OFPMatch(oxm_fields={'eth_dst': '00:00:00:00:00:01'; 'in_port': 2}),312,76128,71
4,3,OFPMatch(oxm_fields={'eth_dst': '00:00:00:00:00:03'; 'in_port': 3}),4983,328838,71
5,3,OFPMatch(oxm_fields={'eth_dst': '00:00:00:00:00:03'; 'in_port': 1}),350,38976,71
6,3,OFPMatch(oxm_fields={'eth_dst': '00:00:00:00:00:04'; 'in_port': 2}),4983,14745174,71
0,3,OFPMatch(oxm_fields={}),159,24548,71
1,3,OFPMatch(oxm_fields={'ip_proto': 17; 'udp_dst': 6789; 'eth_type': 2048}),0,0,71
2,3,OFPMatch(oxm_fields={'ip_proto': 17; 'udp_src': 2152; 'udp_dst': 2152; 'eth_type': 2048}),0,0,71
3,3,OFPMatch(oxm_fields={'eth_dst': '00:00:00:00:00:01'; 'in_port': 2}),337,82258,72
4,3,OFPMatch(oxm_fields={'eth_dst': '00:00:00:00:00:03'; 'in_port': 3}),5394,355964,72
5,3,OFPMatch(oxm_fields={'eth_dst': '00:00:00:00:00:03'; 'in_port': 1}),379,42150,72
6,3,OFPMatch(oxm_fields={'eth_dst': '00:00:00:00:00:04'; 'in_port': 2}),5395,15965518,72
0,3,OFPMatch(oxm_fields={}),160,24890,72
1,3,OFPMatch(oxm_fields={'ip_proto': 17; 'udp_dst': 6789; 'eth_type': 2048}),0,0,72
2,3,OFPMatch(oxm_fields={'ip_proto': 17; 'udp_src': 2152; 'udp_dst': 2152; 'eth_type': 2048}),0,0,72
3,3,OFPMatch(oxm_fields={'eth_dst': '00:00:00:00:00:01'; 'in_port': 2}),362,88388,73
4,3,OFPMatch(oxm_fields={'eth_dst': '00:00:00:00:00:03'; 'in_port': 3}),5806,383156,73
5,3,OFPMatch(oxm_fields={'eth_dst': '00:00:00:00:00:03'; 'in_port': 1}),407,45258,73
6,3,OFPMatch(oxm_fields={'eth_dst': '00:00:00:00:00:04'; 'in_port': 2}),5806,17182900,73
0,3,OFPMatch(oxm_fields={}),160,24890,73
1,3,OFPMatch(oxm_fields={'ip_proto': 17; 'udp_dst': 6789; 'eth_type': 2048}),0,0,73
2,3,OFPMatch(oxm_fields={'ip_proto': 17; 'udp_src': 2152; 'udp_dst': 2152; 'eth_type': 2048}),0,0,73
3,3,OFPMatch(oxm_fields={'eth_dst': '00:00:00:00:00:01'; 'in_port': 2}),387,94518,74
4,3,OFPMatch(oxm_fields={'eth_dst': '00:00:00:00:00:03'; 'in_port': 3}),6217,410282,74
5,3,OFPMatch(oxm_fields={'eth_dst': '00:00:00:00:00:03'; 'in_port': 1}),433,48234,74
6,3,OFPMatch(oxm_fields={'eth_dst': '00:00:00:00:00:04'; 'in_port': 2}),6218,18403244,74
0,3,OFPMatch(oxm_fields={}),161,25232,74
1,3,OFPMatch(oxm_fields={'ip_proto': 17; 'udp_dst': 6789; 'eth_type': 2048}),0,0,74
2,3,OFPMatch(oxm_fields={'ip_proto': 17; 'udp_src': 2152; 'udp_dst': 2152; 'eth_type': 2048}),0,0,74
3,3,OFPMatch(oxm_fields={'eth_dst': '00:00:00:00:00:01'; 'in_port': 2}),412,100648,75
4,3,OFPMatch(oxm_fields={'eth_dst': '00:00:00:00:00:03'; 'in_port': 3}),6629,437474,75
5,3,OFPMatch(oxm_fields={'eth_dst': '00:00:00:00:00:03'; 'in_port': 1}),460,51276,75
6,3,OFPMatch(oxm_fields={'eth_dst': '00:00:00:00:00:04'; 'in_port': 2}),6629,19620626,75
0,3,OFPMatch(oxm_fields={}),161,25232,75
1,3,OFPMatch(oxm_fields={'ip_proto': 17; 'udp_dst': 6789; 'eth_type': 2048}),0,0,75
2,3,OFPMatch(oxm_fields={'ip_proto': 17; 'udp_src': 2152; 'udp_dst': 2152; 'eth_type': 2048}),0,0,75
3,3,OFPMatch(oxm_fields={'eth_dst': '00:00:00:00:00:01'; 'in_port': 2}),437,106778,76
4,3,OFPMatch(oxm_fields={'eth_dst': '00:00:00:00:00:03'; 'in_port': 3}),7040,464600,76
5,3,OFPMatch(oxm_fields={'eth_dst': '00:00:00:00:00:03'; 'in_port': 1}),487,54318,76
6,3,OFPMatch(oxm_fields={'eth_dst': '00:00:00:00:00:04'; 'in_port': 2}),7041,20840970,76
0,3,OFPMatch(oxm_fields={}),161,25232,76
1,3,OFPMatch(oxm_fields={'ip_proto': 17; 'udp_dst': 6789; 'eth_type': 2048}),0,0,76
2,3,OFPMatch(oxm_fields={'ip_proto': 17; 'udp_src': 2152; 'udp_dst': 2152; 'eth_type': 2048}),0,0,76
3,3,OFPMatch(oxm_fields={'eth_dst': '00:00:00:00:00:01'; 'in_port': 2}),462,112908,77
4,3,OFPMatch(oxm_fields={'eth_dst': '00:00:00:00:00:03'; 'in_port': 3}),7452,491792,77
5,3,OFPMatch(oxm_fields={'eth_dst': '00:00:00:00:00:03'; 'in_port': 1}),514,57360,77
6,3,OFPMatch(oxm_fields={'eth_dst': '00:00:00:00:00:04'; 'in_port': 2}),7452,22058352,77
0,3,OFPMatch(oxm_fields={}),161,25232,77
1,3,OFPMatch(oxm_fields={'ip_proto': 17; 'udp_dst': 6789; 'eth_type': 2048}),0,0,77
2,3,OFPMatch(oxm_fields={'ip_proto': 17; 'udp_src': 2152; 'udp_dst': 2152; 'eth_type': 2048}),0,0,77
3,3,OFPMatch(oxm_fields={'eth_dst': '00:00:00:00:00:01'; 'in_port': 2}),487,119038,78
4,3,OFPMatch(oxm_fields={'eth_dst': '00:00:00:00:00:03'; 'in_port': 3}),7864,518984,78
5,3,OFPMatch(oxm_fields={'eth_dst': '00:00:00:00:00:03'; 'in_port': 1}),542,60468,78
6,3,OFPMatch(oxm_fields={'eth_dst': '00:00:00:00:00:04'; 'in_port': 2}),7865,23281658,78
0,3,OFPMatch(oxm_fields={}),161,25232,78
1,3,OFPMatch(oxm_fields={'ip_proto': 17; 'udp_dst': 6789; 'eth_type': 2048}),0,0,78
2,3,OFPMatch(oxm_fields={'ip_proto': 17; 'udp_src': 2152; 'udp_dst': 2152; 'eth_type': 2048}),0,0,78
3,3,OFPMatch(oxm_fields={'eth_dst': '00:00:00:00:00:01'; 'in_port': 2}),491,120190,79
4,3,OFPMatch(oxm_fields={'eth_dst': '00:00:00:00:00:03'; 'in_port': 3}),8277,546242,79
5,3,OFPMatch(oxm_fields={'eth_dst': '00:00:00:00:00:03'; 'in_port': 1}),544,60600,79
6,3,OFPMatch(oxm_fields={'eth_dst': '00:00:00:00:00:04'; 'in_port': 2}),8278,24504964,79
0,3,OFPMatch(oxm_fields={}),161,25232,79
1,3,OFPMatch(oxm_fields={'ip_proto': 17; 'udp_dst': 6789; 'eth_type': 2048}),0,0,79
2,3,OFPMatch(oxm_fields={'ip_proto': 17; 'udp_src': 2152; 'udp_dst': 2152; 'eth_type': 2048}),0,0,79
3,3,OFPMatch(oxm_fields={'eth_dst': '00:00:00:00:00:01'; 'in_port': 2}),491,120190,80
4,3,OFPMatch(oxm_fields={'eth_dst': '00:00:00:00:00:03'; 'in_port': 3}),8691,573566,80
5,3,OFPMatch(oxm_fields={'eth_dst': '00:00:00:00:00:03'; 'in_port': 1}),544,60600,80
6,3,OFPMatch(oxm_fields={'eth_dst': '00:00:00:00:00:04'; 'in_port': 2}),8691,25728270,80
0,3,OFPMatch(oxm_fields={}),161,25232,80
1,3,OFPMatch(oxm_fields={'ip_proto': 17; 'udp_dst': 6789; 'eth_type': 2048}),0,0,80
2,3,OFPMatch(oxm_fields={'ip_proto': 17; 'udp_src': 2152; 'udp_dst': 2152; 'eth_type': 2048}),0,0,80
3,3,OFPMatch(oxm_fields={'eth_dst': '00:00:00:00:00:01'; 'in_port': 2}),491,120190,81
4,3,OFPMatch(oxm_fields={'eth_dst': '00:00:00:00:00:03'; 'in_port': 3}),9104,600824,81
5,3,OFPMatch(oxm_fields={'eth_dst': '00:00:00:00:00:03'; 'in_port': 1}),544,60600,81
6,3,OFPMatch(oxm_fields={'eth_dst': '00:00:00:00:00:04'; 'in_port': 2}),9104,26951576,81
0,3,OFPMatch(oxm_fields={}),161,25232,81
1,3,OFPMatch(oxm_fields={'ip_proto': 17; 'udp_dst': 6789; 'eth_type': 2048}),0,0,81
2,3,OFPMatch(oxm_fields={'ip_proto': 17; 'udp_src': 2152; 'udp_dst': 2152; 'eth_type': 2048}),0,0,81
3,3,OFPMatch(oxm_fields={'eth_dst': '00:00:00:00:00:01'; 'in_port': 2}),491,120190,82
4,3,OFPMatch(oxm_fields={'eth_dst': '00:00:00:00:00:03'; 'in_port': 3}),9518,628148,82
5,3,OFPMatch(oxm_fields={'eth_dst': '00:00:00:00:00:03'; 'in_port': 1}),544,60600,82
6,3,OFPMatch(oxm_fields={'eth_dst': '00:00:00:00:00:04'; 'in_port': 2}),9518,28177844,82
0,3,OFPMatch(oxm_fields={}),162,25339,82
1,3,OFPMatch(oxm_fields={'ip_proto': 17; 'udp_dst': 6789; 'eth_type': 2048}),0,0,82
2,3,OFPMatch(oxm_fields={'ip_proto': 17; 'udp_src': 2152; 'udp_dst': 2152; 'eth_type': 2048}),0,0,82
3,3,OFPMatch(oxm_fields={'eth_dst': '00:00:00:00:00:01'; 'in_port': 2}),491,120190,83
4,3,OFPMatch(oxm_fields={'eth_dst': '00:00:00:00:00:03'; 'in_port': 3}),9931,655406,83
5,3,OFPMatch(oxm_fields={'eth_dst': '00:00:00:00:00:03'; 'in_port': 1}),544,60600,83
6,3,OFPMatch(oxm_fields={'eth_dst': '00:00:00:00:00:04'; 'in_port': 2}),9932,29404112,83
0,3,OFPMatch(oxm_fields={}),163,25446,83
1,3,OFPMatch(oxm_fields={'ip_proto': 17; 'udp_dst': 6789; 'eth_type': 2048}),0,0,83
2,3,OFPMatch(oxm_fields={'ip_proto': 17; 'udp_src': 2152; 'udp_dst': 2152; 'eth_type': 2048}),0,0,83
3,3,OFPMatch(oxm_fields={'eth_dst': '00:00:00:00:00:01'; 'in_port': 2}),491,120190,84
4,3,OFPMatch(oxm_fields={'eth_dst': '00:00:00:00:00:03'; 'in_port': 3}),10345,682730,84
5,3,OFPMatch(oxm_fields={'eth_dst': '00:00:00:00:00:03'; 'in_port': 1}),544,60600,84
6,3,OFPMatch(oxm_fields={'eth_dst': '00:00:00:00:00:04'; 'in_port': 2}),10345,30627418,84
0,3,OFPMatch(oxm_fields={}),163,25446,84
1,3,OFPMatch(oxm_fields={'ip_proto': 17; 'udp_dst': 6789; 'eth_type': 2048}),0,0,84
2,3,OFPMatch(oxm_fields={'ip_proto': 17; 'udp_src': 2152; 'udp_dst': 2152; 'eth_type': 2048}),0,0,84
3,3,OFPMatch(oxm_fields={'eth_dst': '00:00:00:00:00:01'; 'in_port': 2}),491,120190,85
4,3,OFPMatch(oxm_fields={'eth_dst': '00:00:00:00:00:03'; 'in_port': 3}),10758,709988,85
5,3,OFPMatch(oxm_fields={'eth_dst': '00:00:00:00:00:03'; 'in_port': 1}),544,60600,85
6,3,OFPMatch(oxm_fields={'eth_dst': '00:00:00:00:00:04'; 'in_port': 2}),10758,31850724,85
0,3,OFPMatch(oxm_fields={}),163,25446,85
1,3,OFPMatch(oxm_fields={'ip_proto': 17; 'udp_dst': 6789; 'eth_type': 2048}),0,0,85
2,3,OFPMatch(oxm_fields={'ip_proto': 17; 'udp_src': 2152; 'udp_dst': 2152; 'eth_type': 2048}),0,0,85
3,3,OFPMatch(oxm_fields={'eth_dst': '00:00:00:00:00:01'; 'in_port': 2}),491,120190,86
4,3,OFPMatch(oxm_fields={'eth_dst': '00:00:00:00:00:03'; 'in_port': 3}),11171,737246,86
5,3,OFPMatch(oxm_fields={'eth_dst': '00:00:00:00:00:03'; 'in_port': 1}),544,60600,86
6,3,OFPMatch(oxm_fields={'eth_dst': '00:00:00:00:00:04'; 'in_port': 2}),11172,33076992,86
0,3,OFPMatch(oxm_fields={}),164,25788,86
1,3,OFPMatch(oxm_fields={'ip_proto': 17; 'udp_dst': 6789; 'eth_type': 2048}),0,0,86
2,3,OFPMatch(oxm_fields={'ip_proto': 17; 'udp_src': 2152; 'udp_dst': 2152; 'eth_type': 2048}),0,0,86
3,3,OFPMatch(oxm_fields={'eth_dst': '00:00:00:00:00:01'; 'in_port': 2}),491,120190,87
4,3,OFPMatch(oxm_fields={'eth_dst': '00:00:00:00:00:03'; 'in_port': 3}),11584,764504,87
5,3,OFPMatch(oxm_fields={'eth_dst': '00:00:00:00:00:03'; 'in_port': 1}),544,60600,87
6,3,OFPMatch(oxm_fields={'eth_dst': '00:00:00:00:00:04'; 'in_port': 2}),11585,34300298,87
0,3,OFPMatch(oxm_fields={}),165,26130,87
1,3,OFPMatch(oxm_fields={'ip_proto': 17; 'udp_dst': 6789; 'eth_type': 2048}),0,0,87
2,3,OFPMatch(oxm_fields={'ip_proto': 17; 'udp_src': 2152; 'udp_dst': 2152; 'eth_type': 2048}),0,0,87
3,3,OFPMatch(oxm_fields={'eth_dst': '00:00:00:00:00:01'; 'in_port': 2}),491,120190,88
4,3,OFPMatch(oxm_fields={'eth_dst': '00:00:00:00:00:03'; 'in_port': 3}),11998,791828,88
5,3,OFPMatch(oxm_fields={'eth_dst': '00:00:00:00:00:03'; 'in_port': 1}),544,60600,88
6,3,OFPMatch(oxm_fields={'eth_dst': '00:00:00:00:00:04'; 'in_port': 2}),11999,35526566,88
0,3,OFPMatch(oxm_fields={}),165,26130,88
1,3,OFPMatch(oxm_fields={'ip_proto': 17; 'udp_dst': 6789; 'eth_type': 2048}),0,0,88
2,3,OFPMatch(oxm_fields={'ip_proto': 17; 'udp_src': 2152; 'udp_dst': 2152; 'eth_type': 2048}),0,0,88
3,3,OFPMatch(oxm_fields={'eth_dst': '00:00:00:00:00:01'; 'in_port': 2}),491,120190,89
4,3,OFPMatch(oxm_fields={'eth_dst': '00:00:00:00:00:03'; 'in_port': 3}),12412,819152,89
5,3,OFPMatch(oxm_fields={'eth_dst': '00:00:00:00:00:03'; 'in_port': 1}),544,60600,89
6,3,OFPMatch(oxm_fields={'eth_dst': '00:00:00:00:00:04'; 'in_port': 2}),12413,36752834,89
0,3,OFPMatch(oxm_fields={}),165,26130,89
1,3,OFPMatch(oxm_fields={'ip_proto': 17; 'udp_dst': 6789; 'eth_type': 2048}),0,0,89
2,3,OFPMatch(oxm_fields={'ip_proto': 17; 'udp_src': 2152; 'udp_dst': 2152; 'eth_type': 2048}),0,0,89
3,3,OFPMatch(oxm_fields={'eth_dst': '00:00:00:00:00:01'; 'in_port': 2}),491,120190,90
4,3,OFPMatch(oxm_fields={'eth_dst': '00:00:00:00:00:03'; 'in_port': 3}),12825,846410,90
5,3,OFPMatch(oxm_fields={'eth_dst': '00:00:00:00:00:03'; 'in_port': 1}),544,60600,90
6,3,OFPMatch(oxm_fields={'eth_dst': '00:00:00:00:00:04'; 'in_port': 2}),12826,37976140,90
0,3,OFPMatch(oxm_fields={}),165,26130,90
1,3,OFPMatch(oxm_fields={'ip_proto': 17; 'udp_dst': 6789; 'eth_type': 2048}),0,0,90
2,3,OFPMatch(oxm_fields={'ip_proto': 17; 'udp_src': 2152; 'udp_dst': 2152; 'eth_type': 2048}),0,0,90
3,3,OFPMatch(oxm_fields={'eth_dst': '00:00:00:00:00:01'; 'in_port': 2}),491,120190,91
4,3,OFPMatch(oxm_fields={'eth_dst': '00:00:00:00:00:03'; 'in_port': 3}),13239,873734,91
5,3,OFPMatch(oxm_fields={'eth_dst': '00:00:00:00:00:03'; 'in_port': 1}),544,60600,91
6,3,OFPMatch(oxm_fields={'eth_dst': '00:00:00:00:00:04'; 'in_port': 2}),13240,39202408,91
0,3,OFPMatch(oxm_fields={}),165,26130,91
1,3,OFPMatch(oxm_fields={'ip_proto': 17; 'udp_dst': 6789; 'eth_type': 2048}),0,0,91
2,3,OFPMatch(oxm_fields={'ip_proto': 17; 'udp_src': 2152; 'udp_dst': 2152; 'eth_type': 2048}),0,0,91
3,3,OFPMatch(oxm_fields={'eth_dst': '00:00:00:00:00:01'; 'in_port': 2}),491,120190,92
4,3,OFPMatch(oxm_fields={'eth_dst': '00:00:00:00:00:03'; 'in_port': 3}),13652,900992,92
5,3,OFPMatch(oxm_fields={'eth_dst': '00:00:00:00:00:03'; 'in_port': 1}),544,60600,92
6,3,OFPMatch(oxm_fields={'eth_dst': '00:00:00:00:00:04'; 'in_port': 2}),13653,40425714,92
0,3,OFPMatch(oxm_fields={}),165,26130,92
1,3,OFPMatch(oxm_fields={'ip_proto': 17; 'udp_dst': 6789; 'eth_type': 2048}),0,0,92
2,3,OFPMatch(oxm_fields={'ip_proto': 17; 'udp_src': 2152; 'udp_dst': 2152; 'eth_type': 2048}),0,0,92
3,3,OFPMatch(oxm_fields={'eth_dst': '00:00:00:00:00:01'; 'in_port': 2}),491,120190,93
4,3,OFPMatch(oxm_fields={'eth_dst': '00:00:00:00:00:03'; 'in_port': 3}),14066,928316,93
5,3,OFPMatch(oxm_fields={'eth_dst': '00:00:00:00:00:03'; 'in_port': 1}),544,60600,93
6,3,OFPMatch(oxm_fields={'eth_dst': '00:00:00:00:00:04'; 'in_port': 2}),14067,41651982,93
0,3,OFPMatch(oxm_fields={}),165,26130,93
1,3,OFPMatch(oxm_fields={'ip_proto': 17; 'udp_dst': 6789; 'eth_type': 2048}),0,0,93
2,3,OFPMatch(oxm_fields={'ip_proto': 17; 'udp_src': 2152; 'udp_dst': 2152; 'eth_type': 2048}),0,0,93
3,3,OFPMatch(oxm_fields={'eth_dst': '00:00:00:00:00:01'; 'in_port': 2}),491,120190,94
4,3,OFPMatch(oxm_fields={'eth_dst': '00:00:00:00:00:03'; 'in_port': 3}),14481,955682,94
5,3,OFPMatch(oxm_fields={'eth_dst': '00:00:00:00:00:03'; 'in_port': 1}),544,60600,94
6,3,OFPMatch(oxm_fields={'eth_dst': '00:00:00:00:00:04'; 'in_port': 2}),14482,42878292,94
0,3,OFPMatch(oxm_fields={}),165,26130,94
1,3,OFPMatch(oxm_fields={'ip_proto': 17; 'udp_dst': 6789; 'eth_type': 2048}),0,0,94
2,3,OFPMatch(oxm_fields={'ip_proto': 17; 'udp_src': 2152; 'udp_dst': 2152; 'eth_type': 2048}),0,0,94
3,3,OFPMatch(oxm_fields={'eth_dst': '00:00:00:00:00:01'; 'in_port': 2}),491,120190,95
4,3,OFPMatch(oxm_fields={'eth_dst': '00:00:00:00:00:03'; 'in_port': 3}),14894,982940,95
5,3,OFPMatch(oxm_fields={'eth_dst': '00:00:00:00:00:03'; 'in_port': 1}),544,60600,95
6,3,OFPMatch(oxm_fields={'eth_dst': '00:00:00:00:00:04'; 'in_port': 2}),14896,44104560,95
0,3,OFPMatch(oxm_fields={}),165,26130,95
1,3,OFPMatch(oxm_fields={'ip_proto': 17; 'udp_dst': 6789; 'eth_type': 2048}),0,0,95
2,3,OFPMatch(oxm_fields={'ip_proto': 17; 'udp_src': 2152; 'udp_dst': 2152; 'eth_type': 2048}),0,0,95
3,3,OFPMatch(oxm_fields={'eth_dst': '00:00:00:00:00:01'; 'in_port': 2}),491,120190,96
4,3,OFPMatch(oxm_fields={'eth_dst': '00:00:00:00:00:03'; 'in_port': 3}),15308,1010264,96
5,3,OFPMatch(oxm_fields={'eth_dst': '00:00:00:00:00:03'; 'in_port': 1}),544,60600,96
6,3,OFPMatch(oxm_fields={'eth_dst': '00:00:00:00:00:04'; 'in_port': 2}),15310,45330828,96
0,3,OFPMatch(oxm_fields={}),166,26472,96
1,3,OFPMatch(oxm_fields={'ip_proto': 17; 'udp_dst': 6789; 'eth_type': 2048}),0,0,96
2,3,OFPMatch(oxm_fields={'ip_proto': 17; 'udp_src': 2152; 'udp_dst': 2152; 'eth_type': 2048}),0,0,96
3,3,OFPMatch(oxm_fields={'eth_dst': '00:00:00:00:00:01'; 'in_port': 2}),491,120190,97
4,3,OFPMatch(oxm_fields={'eth_dst': '00:00:00:00:00:03'; 'in_port': 3}),15722,1037588,97
5,3,OFPMatch(oxm_fields={'eth_dst': '00:00:00:00:00:03'; 'in_port': 1}),544,60600,97
6,3,OFPMatch(oxm_fields={'eth_dst': '00:00:00:00:00:04'; 'in_port': 2}),15723,46554134,97
0,3,OFPMatch(oxm_fields={}),166,26472,97
1,3,OFPMatch(oxm_fields={'ip_proto': 17; 'udp_dst': 6789; 'eth_type': 2048}),0,0,97
2,3,OFPMatch(oxm_fields={'ip_proto': 17; 'udp_src': 2152; 'udp_dst': 2152; 'eth_type': 2048}),0,0,97
3,3,OFPMatch(oxm_fields={'eth_dst': '00:00:00:00:00:01'; 'in_port': 2}),491,120190,98
4,3,OFPMatch(oxm_fields={'eth_dst': '00:00:00:00:00:03'; 'in_port': 3}),16136,1064912,98
5,3,OFPMatch(oxm_fields={'eth_dst': '00:00:00:00:00:03'; 'in_port': 1}),544,60600,98
6,3,OFPMatch(oxm_fields={'eth_dst': '00:00:00:00:00:04'; 'in_port': 2}),16137,47780402,98
0,3,OFPMatch(oxm_fields={}),166,26472,98
1,3,OFPMatch(oxm_fields={'ip_proto': 17; 'udp_dst': 6789; 'eth_type': 2048}),0,0,98
2,3,OFPMatch(oxm_fields={'ip_proto': 17; 'udp_src': 2152; 'udp_dst': 2152; 'eth_type': 2048}),0,0,98
3,3,OFPMatch(oxm_fields={'eth_dst': '00:00:00:00:00:01'; 'in_port': 2}),491,120190,99
4,3,OFPMatch(oxm_fields={'eth_dst': '00:00:00:00:00:03'; 'in_port': 3}),16549,1092170,99
5,3,OFPMatch(oxm_fields={'eth_dst': '00:00:00:00:00:03'; 'in_port': 1}),544,60600,99
6,3,OFPMatch(oxm_fields={'eth_dst': '00:00:00:00:00:04'; 'in_port': 2}),16550,49003708,99
0,3,OFPMatch(oxm_fields={}),169,27034,99
1,3,OFPMatch(oxm_fields={'ip_proto': 17; 'udp_dst': 6789; 'eth_type': 2048}),0,0,99
2,3,OFPMatch(oxm_fields={'ip_proto': 17; 'udp_src': 2152; 'udp_dst': 2152; 'eth_type': 2048}),0,0,99
3,3,OFPMatch(oxm_fields={'eth_dst': '00:00:00:00:00:01'; 'in_port': 2}),491,120190,100
4,3,OFPMatch(oxm_fields={'eth_dst': '00:00:00:00:00:03'; 'i